Country Name,1960,1961,1962,1963,1964,1965,1966,1967,1968,1969,1970,1971,1972,1973,1974,1975,1976,1977,1978,1979,1980,1981,1982,1983,1984,1985,1986,1987,1988,1989,1990,1991,1992,1993,1994,1995,1996,1997,1998,1999,2000,2001,2002,2003,2004,2005,2006,2007,2008,2009,2010,2011,2012,2013,2014,2015,2016,2017,2018,2019,2020,2021,2022,2023
Aruba,,,,,,,,,,,,,,,,,,,,,,,,,,,,,,,,,,,,,,,22.08238983,19.28166008,21.80771065,21.32317924,19.75715065,,14.90291023,18.88828087,,20.79264069,19.02882957,21.56355095,22.1767807,21.75053978,20.63408089,21.87763023,19.61797905,23.20137978,21.85375023,,,,,,,
Africa Eastern and Southern,,,,,,,,,,,,,,,,,,,,,,,,,,,,,,,,,,,,,,,,,,,,,,18.05873871,17.00898123,,17.40175819,,17.23495674,18.45666122,17.47099972,17.24325943,17.45254993,16.84451008,16.55500031,16.48048782,17.22100067,15.29199982,15.50199986,15.51599979,14.09299994,
Afghanistan,,,,,,,,,,,,,,,,,,,,,,,,,,,,,,,,,,,,,,,,,,,,,,,14.55921173,10.8146925,4.86058569,6.492490292,6.395579815,5.146921635,6.489447594,7.13206768,7.964570045,7.284904957,8.260235786,8.202471733,,,,,,
Africa Western and Central,,,,,,,,,,,,,,,,,,,,,,,,,,,,,,,,,,,,,,,,16.82036018,15.32380962,15.73152494,14.52521038,16.40001965,17.05612469,16.97918987,17.95463943,18.00916958,18.0316906,18.17561913,17.61123085,15.11833,14.53979969,15.19999981,15.09000015,14.72781467,13.37943983,16.3627491,17.20234489,14.24300003,14.45100021,15.49108505,14.48000002,14.19500017
Angola,,,,,,,,,,,,,,,,,,,,,,,,,,,,,,,,,,,,,,,6.114679813,,5.255080223,,,,,7.992350101,7.454790115,,,11.46000004,8.68476963,8.960000038,8.369999886,8.826999664,7.130000114,8.918999672,6.551000118,6.763999939,5.409999847,6.045000076,6.467000008,6.920000076,6.639999866,7.725999832
Albania,,,,,,,,,,,,,,,,,,,,,,,,,,,,,,,,,,,,,,,,,,,,,,11.3716507,10.7679863,11.07501793,10.79070854,,11.48573399,11.10684299,11.62699509,11.58003235,10.98846054,10.44102383,10.82978725,10.57019043,10.97069645,11.40017986,10.1343832,9.833778381,,
Andorra,,,,,,,,,,,,,,,,,,,,,,,,,,,,,,,,,,,,,,,,,,,,,,,,,,,,,9.842000008,6.195529938,13.31521034,10.44281006,9.990980148,9.392439842,13.46191978,10.89523983,8.991999626,6.349999905,6.961249828,
Arab World,,,,,,,,,,,,,,,,,,,,,,,,,,,,,,,,,,,,,,,,,,,,,,,,,12.48923969,,,,,,,,,,,,,,,
United Arab Emirates,,,,,,,,,,,,,,,,,,,,,,,,,,,,,,,,,,,,,,,,,,,,,,,,,,,,,,,,,,,,13.56886959,12.79823017,14.75561047,,
Argentina,,,,,,,,,,,,,,,,,,,,,,,,,,,,,,,,,,,,,15.39877033,,15.62125969,15.87753963,16.22615051,16.35596085,16.44220924,14.35472012,15.13930035,15.8031702,15.50984001,15.10157013,15.74783993,16.02066994,15.04796982,15.1585598,14.51826,14.45792961,13.79932976,13.96331024,13.35554028,13.26391983,12.52334023,12.5300703,12.42228985,12.28489971,,
Armenia,,,,,,,,,,,,,,,,,,,,,,,,,,,,,,,,,,,,,,,,,,,,,,,,,,,,,,8.749751091,,,,8.891125679,8.988576889,10.00509262,9.572380066,9.667304039,9.702664375,
American Samoa,,,,,,,,,,,,,,,,,,,,,,,,,,,,,,,,,,,,,,,,,,,,,,,,,,,,,,,,,,,,,,,,
Antigua and Barbuda,,,,,,,,,,,,,,,,,,,,,,,,,,,,,,,,,,,,,,,,12.43941021,,,11.70153999,,,,,,,6.928140163,,,10.14299965,10.72999954,10.31700039,7.894999981,7.756999969,7.706999779,7.664999962,7.131000042,7.379000187,6.860000134,9.168000221,9.803999901
Australia,,,,,,,,,,,,,,,,,,,,,,,,,,,,,,,,,,,,,,,,,,,,,,15.82420254,15.62589169,15.09505367,15.0764637,14.79484749,17.11578178,17.12748146,15.39351368,15.56298923,15.03333378,14.88242722,14.89055347,14.84958649,15.10843658,15.29336834,14.45625305,13.14539528,13.94469357,
Austria,,,,,,,,,,,,,,,,,,,,,,,,,,,,,,,,,,,,,,,,,,,,,,9.399205208,9.533905029,9.526359558,9.722205162,9.458568573,9.693655014,9.803499222,9.770256996,9.733651161,9.422001839,9.650598526,9.778713226,9.819505692,9.811909676,9.881762505,8.949609756,8.811378479,8.977280617,
Azerbaijan,,,,,,,,,,,,,,,,,,,,,,,,,,,,,,,,,,,,,,,,,,,,,,,,,8.504220963,10.04566574,9.186688423,7.776549816,7.737988949,7.118692398,7.699596882,8.266283035,9.445950508,7.820628166,8.454236031,8.593153,9.802010536,10.78862762,,
Burundi,,,,,,,,,,,,,,,,,,,,,,,,,,,,,,,,18.86403084,18.12272072,,16.75643921,23.79244041,16.71360016,,,13.51863956,10.73526001,11.43313026,12.48608017,,9.179080009,10.95926952,,,12.61553955,16.30168915,16.58810043,14.97929955,16.42831993,17.24325943,23.84000015,27.49724007,20.78461075,19.76485062,19.51926041,21.22200012,20.74200058,20.43899918,20.63699913,
Belgium,,,,,,,,,,,,,,,,,,,,,,,,,,,,,,,,,,,,,,,,,,,,,,10.97798347,11.53674412,11.36902332,11.27712917,11.13274479,11.21544456,11.22957039,11.06992149,11.35172081,11.34249592,11.73614788,11.69543076,11.97686672,11.87883949,11.81700134,11.14883709,11.31968021,,
Benin,,,,,,,,,,,,,,,,,,,,,,,,,,,,,,,,,,,,,,,18.46174049,17.88518906,13.51319981,15.31058025,14.12907982,16.68252945,19.2139492,18.79039001,19.70960999,14.94869041,19.08857918,18.17561913,26.14396095,20.95999908,25.02131081,22.34122086,22.22771072,17.4795208,18.79140091,19.87965012,17.70918083,18.44099998,,17.59600067,17.18799973,19.04299927
Burkina Faso,,,,,,,,,,,,,,,,,,,,,,,,,,,,,7.212820053,,,,,,19.94968033,,7.34017992,,,,,,,,,19.49419022,18.20170021,17.86381912,,,16.17281914,19.50061035,15.89538002,16.16527939,19.36811066,18.02708054,,21.44400024,22.66116905,20.88899994,21.11199951,21.56200027,21.95800018,20.29700089
Bangladesh,,,,,,,,,,,,,,,,,,,,,5.263599873,6.634029865,6.394110203,6.473259926,8.087619781,8.388629913,9.130049706,10.46842957,,,11.19102955,11.06210041,12.53666973,12.11384964,,,,15.19686985,,18.12978935,20.49041939,18.58477974,15.69379997,16.68162918,15.95312023,,17.33653069,18.15340042,17.81619072,14.02987003,,16.79397011,12.27799988,11.81200027,13.30599976,12.04399967,13.98200035,13.85499954,11.95800018,11.32900047,10.38700008,10.22099972,11.73400021,12.01200008
Bulgaria,,,,,,,,,,,,,,,,,,,,,,,,,,,,,,,,,,,,,,,,,,,,,,11.27114868,10.72626781,9.527602196,10.65262699,10.36380005,9.889651299,9.986122131,9.660421371,9.759604454,9.427565575,9.69010067,9.763916016,10.1444025,9.541225433,10.48226261,9.456896782,10.56167126,,
Bahrain,,,,,,,,,,,,,,,,,,,,,,,,,,,,,,,,,,,,,,,,,,,,,,,11.91866016,11.02672958,10.55867004,,,,8.179829597,7.458600044,8.684029579,7.32818985,10.7159996,7.223849773,10.82400036,9.869000435,9.366999626,9.081000328,9.295999527,
"Bahamas, The",,,,,,,,,,,,,,,,,,,,,,,,,,,,,,,,,,,,,,,,,19.79520988,,,,,,,,,,12.49499989,12.36200047,13.04399967,12.1420002,12.72000027,12.44499969,12.10400009,11.70800018,12.6789999,11.29199982,12.18200016,12.28199959,11.44200039,11.59399986
Bosnia and Herzegovina,,,,,,,,,,,,,,,,,,,,,,,,,,,,,,,,,,,,,,,,,,,,,,,,,,,,,,,,,,,,,,,,
Belarus,,,,,,,,,,,,,,,,,,,,,,,,,,,,,,,,,,,,,,,,,,,,,,14.26339626,14.29337883,13.0917244,12.12493229,12.1798172,13.43798161,14.53167248,13.08640671,12.77383041,13.52054405,13.05056095,13.57799625,12.97870255,13.26404095,13.07826328,12.87037659,12.36244392,12.81081104,
Belize,,,,,,,,,,,,,,,,,,,,,,,,,,,,,,,,,,,,,,,,19.28270912,15.61225986,18.30537033,,16.02519035,16.32427979,,,,19.4965992,22.05760956,22.61046982,21.56399918,21.22999954,23.13282013,21.56307983,21.59255028,20.48530006,21.51865959,22.14901924,22.22006035,18.99353981,17.95356941,17.83135033,18.88100052
Bermuda,,,,,,,,,,,,,,,,,,,,,,,,,,,,,,,,,,,,,,,,,,,,11.03660011,11.11384964,12.10540009,,,,13.97043037,12.93424034,13.04399967,13.92300034,12.47799969,7.796440125,9.018799782,11.59700012,7.773469925,11.8380003,12.44200039,12.28600025,12.02099991,11.63000011,12.17700005
Bolivia,,,,,,,,,,,,,,,,,,,,,,,,,,,,,,,,,,,,,,,,,,,,,,,21.56677055,20.58189964,19.02747917,21.1472702,22.13941956,18.24453926,18.39156914,17.70251083,17.28778076,18.2627697,20.41271019,20.97863007,21.60943031,22.43413925,22.21692085,23.14578056,,
Brazil,,,,,,,,,,,,,,,,,,,,,,,,,,,,,,,,,,,,,,,,,,9.290550232,8.133020401,,9.672229767,10.32973003,11.39523983,11.96280003,12.64301968,13.09782028,13.3970499,13.63895988,13.96629047,13.72297001,13.46776962,12.69797993,12.99405956,13.08882999,12.81521034,12.74026966,11.56258965,,,
Barbados,,,,,,,,,,,,,,,,,,,,,,,,,,,,,,,,,,,,,,,,21.16819954,22.15035057,26.88882065,24.72448921,18.58456039,18.61813927,18.24297905,,17.22097015,15.71065044,16.10058022,18.09633064,,16.70269012,14.84482002,17.45105934,17.80999947,13.36244965,12.87915039,16.35899925,13.85986042,16.14246941,14.84473038,12.73071957,13.60200024
Brunei Darussalam,,,,,,,,,,,,,,,,,,,,,,13.07098961,11.2389698,,,,,9.586009979,11.84342957,10.06579018,8.710269928,8.226819992,9.18062973,9.276000023,,,,,8.760890007,8.893429756,8.920740128,,,,,,,,,,5.302080154,9.182189941,9.726420403,,9.984600067,,11.44194984,,,,,,,
Bhutan,,,,,,,,,,,,,,,,,,,,,,,,,,,,,,,,,,,,,,,,,13.92039013,13.22609997,,,18.60663033,22.83286095,,,15.1049099,12.84471035,10.29551983,11.3875103,,15.68694973,17.45413971,19.90500069,18.22500038,19.45199966,17.20700073,18.08600044,18.54899979,15.71000004,19.65399933,17.79999924
Botswana,,,,,,,,,,,,,,,,,,,,,,,,14.22157001,15.38490963,15.27449989,15.36186981,16.55583954,15.8807497,,16.36691093,,16.16987038,,,,,,,,,,,,,25.8235302,,26.50778961,,20.47739983,23.5510006,24.19499969,22.91200066,20.91300011,22.65999985,21.65800095,22.00399971,21.52099991,21.31999969,22.34199905,21.46500015,,,
Central African Republic,,,,,,,,,,,,,,,,,,,,,,,,,,,,,,,11.14008045,9.923370361,,,,,,,,8.949319839,9.93076992,,9.214730263,12.02801991,12.0644598,9.680470467,10.05424023,9.869480133,7.860000134,7.841720104,6.475379944,7.825459957,10.61699963,8.083000183,9.387000084,8.387000084,7.318999767,8.895000458,9.135000229,9.798000336,9.781999588,9.088999748,10.74199963,9.994000435
Canada,,,,,,,,,,,,,,,,,,,,,,,,,,,,,,,,,,,,,,,,,,,,,,,,,12.49846649,12.5725317,12.62090015,12.71314907,12.85791397,13.00229359,12.98900795,12.74459839,12.66294193,12.94046307,12.93418503,12.65248013,9.877542496,11.05468845,11.05468845,
Central Europe and the Baltics,,,,,,,,,,,,,,,,,,,,,,,,,,,,,,,,,,,,,,,,,,,,,,12.14680195,11.82121181,11.05704594,11.33913136,10.71168137,11.23140526,10.63011456,10.81541634,10.6200428,10.65031433,10.49886131,10.60550213,10.83948994,11.26752949,11.84270382,10.60445213,10.87690353,,
Switzerland,,,,,,,,,,,,,,,,,,,,,,,,,,,,,,,,,,,,,,,,,,,,,,15.19173145,15.42107201,15.23476887,15.22962379,15.28873444,15.17560768,15.34310436,15.3788662,15.06401539,15.25395203,15.38497066,15.35782146,15.359375,15.46289158,15.64546299,14.23840714,14.55084133,,
Channel Islands,,,,,,,,,,,,,,,,,,,,,,,,,,,,,,,,,,,,,,,,,,,,,,,,,,,,,,,,,,,,,,,,
Chile,,,,,,,,,,,,,,,,,,,,,,,,,,,,,,,,,,13.5188303,14.13241959,15.02462006,15.75998974,14.5041399,15.1703701,15.65221977,16.42790985,,17.45059967,17.63722038,17.0210495,16.19908905,16.23127937,16.74641037,17.40113068,17.0356102,17.85330963,17.74757004,,19.67765045,19.92100906,19.59370995,21.15559959,21.31123924,21.36606979,21.23353004,19.35499954,,,
China,,,,,,,,,,,,,,,,,,,,,,,,,,,,,,,,,,,,,,,,,,,,,,9.496390343,9.323880196,8.415129662,14.29631519,13.51353168,13.55206871,13.07809544,14.40716839,13.31540489,12.75261116,12.25982952,12.26956177,12.15529537,11.45069027,11.22663689,10.53292751,10.85031796,10.50490284,
Cote d'Ivoire,,,,,,,,,,,,,,,,,,,,,,,,,,,,,,,,,,,,,,19.22014999,18.81475067,21.67118073,20.80694962,23.20203018,22.59230042,22.6482296,22.10716057,21.84568977,20.01789093,20.75588036,21.52691078,22.18955994,22.77275085,22.42686081,20.85876083,21.57472992,21.76678085,21.17321968,22.38759995,20.63349915,18.28890038,19.84606934,18.59025002,16.26627922,15.90301037,12.84799957
Cameroon,,,,,,,,,,,,,,,,,,,,,,,,,,,,,,,,,,,,,,,,,11.68369961,15.73330975,,21.44202042,20.84712029,21.37760925,20.31266022,21.37933922,15.70061016,19.77979088,18.75388908,14.8677702,15.17621994,13.82495022,12.87975979,13.24398994,12.69468975,15.91281033,16.88315964,14.1789999,14.45100021,15.04800034,12.7670002,13.08300018
"Congo, Dem. Rep.",,,,,,,,,,,,,,,,,,,,,,,,,,,,,,,,,,,,,,,,,,,,,,,,,,,9.578499794,,,16.17473984,10.55391979,11.73836994,14.63541985,14.01852036,,,,21.61199951,18.40800095,
"Congo, Rep.",,,,,,,,,,,,,,,,,,,,,,,,,,,,,,,,,,,22.41246986,14.70777988,,,14.12652969,,,,9.054849625,9.519949913,8.56180954,7.597819805,,,,,24.72777939,,9.321000099,14.72500038,6.555920124,7.950399876,12.85499954,15.68577003,15.58290005,17.93099976,18.28800011,17.87800026,16.63500023,15.74800014
Colombia,,,,,,,,,,,,,,,,,,,,,,,,,18.09229088,16.40752029,,,,17.22545052,,,,,,,,,12.47535992,13.15192986,13.29638958,13.57052994,15.30206013,15.53950024,15.41742039,15.53145027,13.77132034,14.4981699,13.8549099,15.45088005,15.92683029,14.77202988,15.02233982,16.26272964,14.80897999,14.29273033,14.92718983,15.46874046,12.83718967,13.71910954,15.69075966,11.55000019,,
Comoros,,,,,,,,,,,,,,,,,,,,,,,,,,,,,,,,,,,,,,,17.1350708,,,,15.78971958,,,,,,29.23311996,,,21.41486931,18.49151039,16.07073021,18.89289093,13.35365009,,,,,11.47599983,10.28600025,10.47599983,
Cabo Verde,,,,,,,,,,,,,,,,,,,,,,,,,,,,,,,,,,,,,,,17.25592041,16.76194,,,19.76622963,,20.8404808,,17.54058075,18.32875061,18.24098969,15.88654995,14.21689987,15.15328026,16.12199974,14.77822971,16.28219032,16.74822998,17.84300995,16.41258049,17.56900024,15.15369987,17.09000015,15.11299992,,
Costa Rica,,,,,,,,,,,,,,,,,,,,,,,,,,,,,,,,,,,,,,,,,,,,,,,,,,,,,,,,,,,,,,20.08245659,,
Caribbean small states,,,,,,,,,,,,,,,,,,,,,,,,,,,,,,12.90589046,13.85188007,16.3537693,12.75156975,12.79800034,16.70001984,15.12972021,14.41047525,13.71621513,8.926670074,11.2300396,14.26386023,16.07828999,16.3245697,13.6362052,11.73301983,14.26937008,,17.17304993,19.11938095,17.55283928,14.50296974,15.35146523,15.2416296,16.15192986,16.1532445,16.17923975,15.43856049,14.32277012,14.61800003,13.82799482,11.71627045,13.72220993,13.06692982,7.921999931
Cuba,,,,,,,,,,,,,,,,,,,,,,,,,,,,,,,,,,,,,,,,,,,,,,,,,,,,,16.47900009,16.52000046,15.80200005,15.26399994,14.93799973,13.56499958,12.65999985,14.22599983,16.6609993,15.96700001,16.95999908,
Curacao,,,,,,,,,,,,,,,,,,,,,,,,,,,,,,,,,,,,,,,,,,,,,,,,,,,,,20.13800049,21.85899925,,19.50200081,13.70199966,,,,15.31299973,15.27700043,12.41499996,
Cayman Islands,,,,,,,,,,,,,,,,,,,,,,,,,,,,,,,,,,,,,,,,,,,,,,,,,,,,,,,,,,,14.92399979,14.95800018,,,,
Cyprus,,,,,,,,,,,,,,,,,,,,,,,,,,,,,,,,,,,,,,,,,,,,,,14.40893459,14.49867535,14.79816532,15.59704685,15.09335613,15.52406216,14.87080097,14.00662994,14.78433514,11.31433487,13.86324215,14.63431835,14.41339111,11.79285622,13.50742531,12.93712711,12.73620987,,
Czechia,,,,,,,,,,,,,,,,,,,,,,,,,,,,,,,,,,,,,,,,,,,,,,11.22870922,11.82121181,10.67118263,10.52689266,10.43514729,10.58565712,10.63011456,10.16633415,10.6200428,10.6447258,10.49886131,9.933925629,10.43601036,11.26752949,11.84270382,10.74304962,10.87690353,,
Germany,,,,,,,,,,,,,,,,,,,,,,,,,,,,,,,,,,,,,,,,,,,,,,8.78028965,8.906779289,9.044315338,8.92984581,9.018068314,9.113441467,9.511645317,9.517230034,9.709711075,9.748104095,9.638143539,9.477829933,9.48073101,9.638201714,9.726378441,9.298440933,9.0661726,9.190701485,
Djibouti,,,,,,,,,,,,,,,,,,,,,,,,,,,,,,,,,,,,,,,,22.89607048,29.38595009,26.28001976,25.48930931,24.2714901,24.70113945,22.71504974,24.70796013,22.52743912,,,12.32839966,,17.07699966,17.31999969,17.74900055,8.576439857,12.00850964,13.25469971,13.99153042,,,,,
Dominica,,,,,,,,,,,,,,,,,,,,,,,,,,,,,,,,,,,,,,,17.11160088,11.41961956,,,,,,,,,,,,,,,,10.20800972,12.69799995,9.784000397,8.446000099,8.298299789,10.66617012,7.767000198,6.413000107,7.09100008
Denmark,,,,,,,,,,,,,,,,,,,,,,,,,,,,,,,,,,,,,,,,,,,,,,12.44361305,12.42493439,11.98038292,12.11152554,12.26772594,12.58372211,12.08395576,12.03017139,12.33083916,12.9065752,12.8566246,12.94861698,12.73631477,12.64840698,12.74289989,11.91557789,11.888381,,
Dominican Republic,,,,,,,,,,,,,,,,,,,,,,,,,,,,,,,,,,,,,,,,,13.39904022,13.2144804,11.61762047,10.70979023,,,,12.54104996,,,,,,,,,19.55900002,20.15600014,19.48500061,20.00900078,20.63400078,19.59399986,22.36300087,22.02499962
Algeria,,,,,,,,,,,,,,,,,,,,,,,,,,,,,,,,,,,,,,,,,,,,,,,,,11.02075958,,17.7689991,17.56500053,15.98400021,17.64599991,16.46899986,15.20300007,16.11100006,17.55599976,14.94900036,14.4630003,16.54899979,16.0510006,13.10200024,13.26099968
East Asia & Pacific (excluding high income),,,,,,,,,,,,,,,,,,,,,,,,,,,,,,,,,,,,,,,,,,,,,,,,,14.03864002,13.3623457,15.18587589,13.48817205,14.40716839,14.00500011,15.05827332,15.16750002,15.11499977,13.81464767,15.30996513,14.49908352,13.37804127,13.3466239,,
Early-demographic dividend,,,,,,,,,,,,,,,,,,,,,,,,,,,,,,,,,,,,,,,,,,,,,,,,,15.61715698,,17.23495674,17.17948532,16.48649025,16.7507,16.40539837,16.37450027,16.12016106,16.11047935,16.57785034,14.99800014,15.76399994,15.63411999,,
East Asia & Pacific,,,,,,,,,,,,,,,,,,,,,,,,,,,,,,,,,,,,,,,,,,,,,,,,15.24252701,14.36915255,14.98242378,16.7917757,14.78070545,15.39351368,15.56298923,15.97275686,15.39899969,15.11499977,15.16179323,15.45641851,15.29336834,12.82670593,13.71678782,,
Europe & Central Asia (excluding high income),,,,,,,,,,,,,,,,,,,,,,,,,,,,,,,,,,,,,,,,,,,,,,,,,,,11.03695869,11.23968172,12.61114407,11.79562807,13.01401901,13.26532459,13.43158436,11.89395428,12.1173687,13.07826328,12.46874475,12.46901035,,
Europe & Central Asia,,,,,,,,,,,,,,,,,,,,,,,,,,,,,,,,,,,,,,,,,,,,,,12.20372963,11.97324753,11.80934381,11.33260965,10.92221308,11.48573399,11.35631466,11.62699509,11.20705986,11.34249592,11.73614788,11.55142879,11.05323887,11.26752949,11.8259635,10.72942924,11.09461784,,
Ecuador,,,,,,,,,,,,,,,,,,,,,,,,,,,,,,,,,,,,,,,10.84613991,6.665820122,4.957300186,,,,,,,,,13.17257023,12.9965601,11.97611046,10.7635498,10.54088974,11.32730007,11.57306004,12.79800034,13.87300014,14.54599953,10.67455006,10.58911037,9.756010056,9.270460129,
"Egypt, Arab Rep.",,,,,,,,,,,,,,,,,,,,,,,,,,,,,,,,,,,,,,,,,,,,,,15.4734354,11.67236996,11.60687065,11.01320553,11.17261791,11.33020687,10.9515276,10.92304325,12,12,12,,,,,,,,
Euro area,,,,,,,,,,,,,,,,,,,,,,,,,,,,,,,,,,,,,,,,,,,,,,11.96098185,11.74502993,11.70829582,11.30160856,10.92221308,11.02456665,11.20872736,11.04284954,10.81896925,10.86237431,10.75786114,10.76150942,10.63988447,10.43979883,10.75270987,10.29600525,10.47586441,,
Eritrea,,,,,,,,,,,,,,,,,,,,,,,,,,,,,,,,,,,,,2.9151299,,6.250919819,5.565539837,,8.784939766,7.581009865,,7.131400108,,5.445159912,,,,,,,,,,,,,,,,,
Spain,,,,,,,,,,,,,,,,,,,,,,,,,,,,,,,,,,,,,,,,,,,,,,10.40522575,10.43703461,10.38255215,10.35980511,10.17765427,9.938093185,9.69765377,8.558403015,8.975120544,9.173282623,9.414457321,9.660429955,9.75414753,9.572023392,9.576940536,9.022061348,9.178600311,,
Estonia,,,,,,,,,,,,,,,,,,,,,,,,,,,,,,,,,,,,,,,,,,,,,,17.51799965,17.53685188,17.01323509,16.42277908,15.28184414,16.17285538,16.25656891,15.61931038,15.38186264,14.6169796,14.97884846,14.36475658,14.49369907,15.80064011,15.52501392,14.28443909,14.25197411,,
Ethiopia,,,,,,,,,,,,,,,,,,,,,12.35554028,12.48698997,12.1781702,9.701319695,11.82013035,10.0891304,10.32174969,,,,,,,13.26484013,,,13.04413986,14.86991978,,,14.9077301,14.46177006,16.18774986,,,,23.97537994,24.69944954,26.35573006,23.58374977,26.30404091,29.67443085,30.53953934,27.02109909,25.91838074,23.66399956,23.01300049,23.3239994,22.99200058,20.92200089,22.44799995,23.56200027,23.00600052,
European Union,,,,,,,,,,,,,,,,,,,,,,,,,,,,,,,,,,,,,,,,,,,,,,12.14074039,11.82121181,11.36902332,11.32608795,10.71168137,11.21544456,11.18788433,11.01577759,10.66393566,10.65031433,10.54351521,10.64693069,10.73969841,10.85924339,10.97616482,10.3530426,10.7206068,,
Fragile and conflict affected situations,,,,,,,,,,,,,,,,,,,,,,,,,,,,,,,,,,,,,,,,,,,,,,,,,,,12.40622902,14.7528615,14.73440266,15.14117718,12.87975979,13.36203909,13.04408455,14.55315733,15.03693485,14.1789999,13.8920002,,,
Finland,,,,,,,,,,,,,,,,,,,,,,,,,,,,,,,,,,,,,,,,,,,,,,12.46187019,12.44333553,12.41471386,12.19075775,11.99967384,12.13768482,11.97931862,11.55808258,11.20705986,11.07443428,10.97220707,10.87608814,10.54007053,10.39947319,10.5227766,10.2389679,10.23112202,,
Fiji,,,,,,,,,,,,,,,,,,,,,,,,,,,,,,,,,,,,,,,19.00093079,20.53511047,21.7585907,19.63863945,21.03780937,,23.74914932,20.26613045,20.84329033,23.17040062,17.36972046,15.85361958,,15.23478985,16.70899963,14.30039024,16.1760006,17.3920002,16.71199989,14.82499981,14.93500042,14.05000019,16.3920002,14.46399975,,
France,,,,,,,,,,,,,,,,,,,,,,,,,,,,,,,,,,,,,,,,,,,,,,10.35512638,10.35643482,10.09424782,10.11413097,9.922377586,9.921668053,9.737814903,9.612243652,9.598536491,9.594199181,9.590435028,9.541593552,9.546895027,9.565526009,9.481998444,8.822711945,8.875411034,,
Faroe Islands,,,,,,,,,,,,,,,,,,,,,,,,,,,,,,,,,,,,,,,,,,,,,,,,,,,,,,,,,,,,,,,,
"Micronesia, Fed. Sts.",,,,,,,,,,,,,,,,,,,,,,,,,,,,,,,,,,,,,,,,8.78497982,9.965120316,,,,,,,,,,,,17.76099968,20.38500023,22.10199928,24.12800026,21.58499908,19.14800072,17.125,18.10700035,18.61499977,,,
Gabon,,,,,,,,,,,,,,,,,,,,,,,,,,,,,,,,,10.20018005,,,,,,7.058110237,11.34815979,17.70648956,,,,,,,,,,13.33041954,13.53407955,12.58226967,8.737569809,11.22548962,11.61100006,10.30200005,15.27700043,14.61499977,14.07400036,15.76399994,15.35499954,13.80300045,13.56599998
United Kingdom,,,,,,,,,,,,,,,,,,,,,,,,,,,,,,,,,,,,,,,,,,,,,,13.38796806,13.7800808,13.80715084,13.04262924,13.14845181,13.24319553,12.72901058,12.27447224,12.12878227,12.36159229,12.29491901,12.24540329,12.28136539,12.11161995,12.01847935,10.72942924,11.23247051,,
Georgia,,,,,,,,,,,,,,,,,,,,,,,,,,,,,,,,,,,,,,,,,,,,,,10.90174484,11.96104527,9.313008308,8.878415108,8.733519554,8.995471001,9.265166283,9.820213318,12.01122379,12.50749397,14.10989475,15.01032257,15.11464214,14.27200699,14.14191246,12.06711292,12.46901035,12.17459774,
Ghana,,,,,,,,,,,,,,,,,,,,,7.641880035,7.748139858,13.8319397,,,,34.30920029,24.66799927,23.93285942,,,,,,,,,,,14.8927002,,15.74110985,,,22.37924957,23.42996025,24.16197968,22.31702042,24.03750038,22.49513054,20.69614029,30.63430977,26.58139038,21.22220993,20.98513985,23.80879974,22.09332085,20.09763908,18.59816933,14.27200031,13.62899971,12.16699982,13.1789999,12.03499985
Gibraltar,,,,,,,,,,,,,,,,,,,,,,,,,,,,,,,,,,,,,,,,,,,,,,,,,,,7.962999821,7.480000019,6.357999802,6.666999817,7.855999947,7.696000099,8.012000084,7.626999855,7.760000229,7.364999771,7.681000233,7.618000031,7.821000099,8.831999779
Guinea,,,,,,,,,,,,,,,,,,,,,,,,,,,,,,,,9.996529579,11.53744984,11.44849968,,,,,,14.65855026,15.19596958,10.31575966,13.06431961,11.62475014,12.31330013,10.94746971,,,15.67825985,13.58339977,12.43832016,14.25930977,9.46061039,14.13280964,11.98950958,11.59877968,15.76885986,13.37679005,14.87012005,12.40536022,14.29006004,11.50199986,11.94999981,10.02700043
"Gambia, The",,,,,,,,,,,,,,,,,,,,,,,,,,,,,,,,,,,,,,,,,11.92179966,8.205269814,10.94752026,8.468839645,5.029540062,5.344170094,5.360760212,7.297500134,18.88171005,13.29374027,17.61123085,15.11833,13.79553032,10.58541965,11.75232029,11.03293037,10.44995975,13.30900002,11.35991955,14.09700012,14.27600002,15.62199974,14.48400021,17.50300026
Guinea-Bissau,,,,,,,,,,,,,,,,,,,,,,,,,,,,,,,,,,,,,,,,16.74309921,,,,,,,,,,,9.069239616,10.19974041,14.53979969,16.19137955,,,,,,,,,,
Equatorial Guinea,,,,,,,,,,,,,,,,,,,,,,,,,,,,,,,,,,,,,,,5.248139858,,,,,,,,,,,,,,,,,,,,,,,,,
Greece,,,,,,,,,,,,,,,,,,,,,,,,,,,,,,,,,,,,,,,,,,,,,,9.244790077,8.089784622,7.636775494,7.426870346,7.636618614,7.824027061,8.200703621,8.087697983,7.169329643,8.53313446,7.683336735,8.05513382,8.032671928,8.456664085,8.355419159,7.539191723,7.111895561,,
Grenada,,,,,,,,,,,,,,,,,,,,,,,,,,,,,,,,,,,,,,,,,,,,10.95366001,,,,,,,15.56000042,14.72099972,10.70300007,,11.79899979,9.902999878,,14.04117012,10.08100033,,,10.05900002,9.873000145,14.35900021
Greenland,,,,,,,,,,,,,,,,,,,,,,,,,,,,,,,,,,,,,,,,,,,,,,,,,,,,,,,,,,,,,,,,
Guatemala,,,,,,,,,,,,,,,,,,,,,,,,,,,,,,,,,,,,,,,,,,,,,,,,,,,,,,,17.1296463,18.52783012,18.06362343,18.09382629,18.27232552,18.54369736,19.05345345,19.55177879,,
Guam,,,,,,,,,,,,,,,,,,,,,,,,,,,,,,,,,,,,,,,,,,,,,,,,,,,,,,,,,,,,,,,,
Guyana,,,,,,,,,,,,,,,,,,,,,,,,,,,,,,,,,,,,,,,,22.68779945,17.65683937,16.55555916,16.90000916,13.81455994,11.08073997,13.8234396,13.48169041,11.52616024,,10.33821011,11.96580982,11.82289982,10.17805958,,18.85663033,17.93668938,18.8271904,17.73990059,16.11457062,,,,,
High income,,,,,,,,,,,,,,,,,,,,,,,,,,,,,,,,,,,,,,,,,,,,,,12.45274162,12.43413496,12.27652025,12.62958002,12.26772594,12.62090015,12.31050396,11.93187714,11.80503273,11.76775837,11.91810322,12.07192135,12.07397652,11.96289539,12.00314236,11.0349412,11.11198092,,
"Hong Kong SAR, China",,,,,,,,,,,,,,,,,,,,,,,,,,,,,,,,,,,,,,,,,,,,,,18.26066017,20.04907799,19.76203537,17.60884857,18.1912632,19.39173698,17.52163124,17.73590851,16.26137924,17.50524902,16.78307343,17.04660034,17.836483,19.68011093,17.4856205,12.821702,14.85682678,,
Honduras,,,,,,,,,,,,,,,,,,,,,,,,,,,,,,,,,,,12.88875008,17.87564087,,,,,,,,,,,,,,,,,,19.86407089,25.65361977,24.64455986,,,23.15510941,,,,,
Heavily indebted poor countries (HIPC),,,,,,,,,,,,,,,,,,,,,,,,,,,,,,,,,,,,,,,,,14.74071503,,,,14.9615097,16.97918987,17.2866497,,16.21773529,17.92897987,18.18255997,16.12358475,15.89538002,16.19137955,16.94212532,17.22121525,15.66362,16.3627491,17.52153015,15.29199982,14.45100021,16.10700035,14.47599983,13.70400047
Croatia,,,,,,,,,,,,,,,,,,,,,,,,,,,,,,,,,,,,,,,,,,,,,,11.7812233,11.1515274,10.91428852,10.40342617,10.71168137,10.83368874,10.46747684,10.81541634,10.5198698,10.65031433,10.46403313,10.54242897,10.73969841,10.48012447,10.97616482,10.3530426,10.7206068,,
Haiti,,,,,,,,,,,,,,,,,,,,,,,,,,,,,,,,,,,,,,,,,,,,,,,,,,,,,,,11.98414993,14.56777954,13.23316956,14.71016979,14.49096966,12.86200047,10.00399971,16.10700035,13.1239996,11.23099995
Hungary,,,,,,,,,,,,,,,,,,,,,,,,,,,,,,,,,,,,,,,,,,,,,,12.14680195,11.51811981,11.05704594,10.86712456,10.61416245,11.23140526,10.29437447,9.522100449,9.414786339,10.39120007,10.3242197,10.60550213,10.83948994,10.85924339,10.19274426,9.333879471,10.36329174,,
IBRD only,,,,,,,,,,,,,,,,,,,,,,,,,,,,,,,,,,,,,,,,,,,,,,14.08380985,13.68719482,13.88410711,14.13898563,14.86214113,15.23395824,13.89824867,14.97567272,14.37047005,15.58036518,15.11000013,15.01032257,14.86126041,14.58049965,14.39703512,13.88136959,13.36044312,,
IDA & IBRD total,,,,,,,,,,,,,,,,,,,,,,,,,,,,,,,,,,,,,,,,,,,,,,,,,14.68518829,15.15834141,15.47114754,14.81990004,14.92900562,14.93308878,15.33518267,15.20300007,15.06266117,14.93433952,15.06606007,14.28200006,14.28303003,14.79731035,13.93261433,
IDA total,,,,,,,,,,,,,,,,,,,,,,,,,,,,,,,,,,,,,,,,,,,,,15.91410017,,,,15.93897009,,16.3383646,15.11833,14.53979969,15.49767971,15.09000015,15.31799984,15.11499977,15.02482462,16.60148525,14.24300003,14.29006004,15.52411985,14.09299994,
IDA blend,,,,,,,,,,,,,,,,,,,,,,,,,,,,,,,,,,,,,,,,,,,,,,,,,,,11.86466026,14.8677702,13.10842514,14.2749753,12.09020996,13.1872797,12.77484465,15.68577003,15.58290005,14.1789999,15.66699982,15.04800034,,
Indonesia,,,,,,,,,,,,,,,,,,,,,,,,,,,,,,,,,,,,,,,,,,,,,,,,,11.451334,16.16484261,18.01392365,18.54828453,16.96810913,16.3005867,16.45954704,16.713871,21.07878494,16.11047935,16.79570961,17.33811378,17.94368362,16.06781578,13.93261433,
IDA only,,,,,,,,,,,,,,,,,,,,,,,,,,,,,,,,,,,,,,,,,15.05184984,,,,15.95312023,,,,16.25814056,16.30168915,16.50391006,15.23085499,14.53979969,16.16527939,15.63267994,16.10081959,15.34716034,14.93433952,16.86300087,14.27200031,13.99450016,15.53223991,14.09299994,
Isle of Man,,,,,,,,,,,,,,,,,,,,,,,,,,,,,,,,,,,,,,,,,,,,,,,,,,,,,,,,,,,,,,,,
India,,,,,,,,,,,,,,,,,,,,,,,,,,,,,,,,,,,,,,13.32223034,14.15927029,16.95982933,16.73051071,,,12.41079998,11.19686031,11.20845985,11.69371033,,,11.19120026,11.83368015,13.56490993,13.0880003,14.05018044,15.71800041,16.33399963,17.15500069,13.54899979,13.06599998,14.99800014,14.71899986,14.64700031,,
Not classified,,,,,,,,,,,,,,,,,,,,,,,,,,,,,,,,,,,,,,,,,,,,,,,,,,,,,,,,,,,,,,,,
Ireland,,,,,,,,,,,,,,,,,,,,,,,,,,,,,,,,,,,,,,,,,,,,,,12.43511677,11.95331573,12.13832664,11.32608795,10.19272709,7.124444008,11.18788433,11.93187714,11.88006592,12.11979389,11.91810322,12.27432251,12.61267853,12.47525311,13.21244431,11.87757587,12.02367306,,
"Iran, Islamic Rep.",,,,,,,,,,,,,,,,,,,,,,,,,,,,,,,,18.3469696,20.63261986,23.71528053,,14.54695988,13.56692028,,,20.11292076,20.6338501,24.42416954,26.50642967,22.13546944,21.52145004,21.89969063,19.45677948,20.03128052,22.38460922,18.56262016,19.25691032,20.15138054,17.3957901,21.67350006,19.66486931,18.56875038,19.44543076,20.30521011,21.14603996,21.24452972,22.66550064,,21.8658905,
Iraq,,,,,,,,,,,,,,,,,,,,,,,,,,,,,,,,,,,,,,,,,,,,,,,,,,,,,,,,,,,,,,,,
Iceland,,,,,,,,,,,,,,,,,,,,,,,,,,,,,,,,,,,,,,,,,,,,,,17.33946991,17.10422134,16.61261177,11.85544682,14.10290718,14.68791294,14.07245159,14.55964661,15.50009155,15.1298275,15.61505795,14.39814854,15.80996132,15.99001312,16.13585663,15.87585068,15.40631294,14.89868927,
Israel,,,,,,,,,,,,,,,,,,,,,,,,,,,,,,,,,,,,,,,,,,,,,,14.9999361,14.9114542,15.39008427,15.61715698,15.57397556,16.43940926,16.4648304,17.05217171,17.26696205,17.86891174,18.11240959,18.06420326,18.21081352,18.10264778,18.10598564,15.68691826,18.4275074,,
Italy,,,,,,,,,,,,,,,,,,,,,,,,,,,,,,,,,,,,,,,,,,,,,,9.408569336,9.153533936,9.450937271,8.963028908,8.864780426,8.706913948,8.25843811,8.018429756,8.021048546,7.942351341,7.943844795,7.862373352,7.917691231,8.11164093,8.047363281,7.493881702,7.437161922,,
Jamaica,,,,,,,,,,,,,,,,,,,,,,,,,,,,,,,,16.3537693,12.75156975,12.79800034,18.38850975,15.36104012,15.53602028,15.39999008,,,16.79660034,19.9911499,18.36392975,13.36233997,11.73301983,14.26937008,,17.17304993,19.11938095,17.55283928,16.10293961,18.58193016,18.80925941,20.57386017,21.79748917,20.05147934,19.14512062,18.40254021,18.58399963,17.31398964,,17.41790009,16.93285942,
Jordan,,,,,,,,,,,,,,,,,,,,,,,,,,,8.760239601,9.880080223,9.824379921,13.08642006,,,,,,,21.56406021,18.41102982,,14.66425991,,,,,,,,,,,,,,,,,12.15015984,11.19604969,9.825320244,9.949090004,,9.720990181,9.580220222,
Japan,,,,,,,,,,,,,,,,,,,,,,,,,,,,,,,,,,,,,,,,,,,,,,9.327170372,9.393992424,9.412751198,9.127755165,8.930509567,8.784498215,8.537052155,8.504339218,8.463807106,8.534481049,8.374353409,8.196087837,8.153197289,8.129384041,8.146375656,7.292849541,7.427923203,,
Kazakhstan,,,,,,,,,,,,,,,,,,,,,,,,,,,,,,,,,,,,,,,,,,,,,,,,,,,16.93131638,18.1045742,19.25287056,17.96060753,17.32483292,16.81945801,19.60174561,14.34188271,17.90452003,18.96017456,20.16492653,24.0871315,,
Kenya,,,,,,,,,,,,,,,,,,,,,,,,,,,,,,,,,,,,,,,,,,,,,,,,,,,,,,,,,,,,,17.92133331,,,
Kyrgyz Republic,,,,,,,,,,,,,,,,,,,,,,,,,,,,,,,,,,,,,,,,,,,,,,,,,,,,,,,18.25902748,19.0759449,20.66987038,19.67629433,20.14392471,20.06521797,20.81489754,19.71117401,20.98124886,
Cambodia,,,,,,,,,,,,,,,,,,,,,,,,,,,,,,,,,,,,,,,9.392000198,,11.07901001,11.38078976,10.13757038,,12.40431023,,,11.1035099,,8.165240288,7.337470055,7.335400105,7.199850082,14.00500011,13.65699959,15.31799984,15.11499977,15.94299984,16.86300087,18.93799973,17.16799927,15.73600006,,
Kiribati,,,,,,,,,,,,,,,,,,,,,,,,,,,,,,,,,,,,,,,,,,,,,,,,,,,,18.20198822,17.98504829,16.7226162,16.6651516,13.74774837,12.88805485,12.54888439,15.1397171,12.19363499,12.45644855,12.90967941,15.36075401,
St. Kitts and Nevis,,,,,,,,,,,,,,,,,,,,,,,,,,19.16773987,,13.00741005,,9.140000343,,11.2264204,15.21413994,,,13.37852955,,,14.53252029,10.32295036,13.68505001,14.20753002,11.05932999,12.28806019,11.79026031,11.05620956,12.47840977,13.05181026,,,,10.65100002,15.41899967,13.86200047,13.14999962,8.69246006,,13.77700043,10.10599995,,,6.199419975,,
"Korea, Rep.",,,,,,,,,,,,,,,,,,,,,,,,,,,,,,,,,,,,,,,,,,,,,,,,15.39000034,15.52000046,15.17000008,15.01000023,14.86999989,14.92000008,15.40999985,15.53999996,15.47999954,14.30253983,14.29845047,14.31293011,13.83082008,12.83170986,14.31000042,,
Kuwait,,,,,,,,,,,,,,,,,,,,,,,,,,10.16166019,12.09552002,,,,,,8.397489548,,,,11.32546043,13.09107018,,,,18.01417923,15.25835991,,14.95361042,13.85410976,13.37001038,,,,,,,,,,,,,,,,,
Latin America & Caribbean (excluding high income),,,,,,,,,,,,,,,,,,,,,,,,,,,,,,,,,,,,,,,,,15.25037003,,15.68778992,,,,,14.79987001,,16.02066994,15.92683029,14.96529484,16.00487137,16.26272964,16.01094532,17.3944149,17.87010002,16.52301979,16.57785034,14.33106995,15.94330978,16.70947075,,
Lao PDR,,,,,,,,,,,,,,,,,,,,,,,,,,,,,,,,,,,,,,,,,7.295569897,9.946570396,15.26266003,,15.87508011,14.1292696,17.76235962,18.10178947,13.00520992,7.463099957,7.246960163,8.259579659,7.36868,13.34101009,11.75734997,10.46899986,12.89099979,11.43900013,11.16800022,11.62300014,10.91100025,10.76000023,9.074999809,
Lebanon,,,,,,,,,,,,,,,,,,,,,,,,,,,,,,,,,,6.80824995,10.44340038,5.916369915,8.106699944,,,,,7.421249866,7.056300163,,7.931230068,8.421310425,7.693190098,7.341040134,5.86977005,5.502999783,5.534289837,5.733809948,7.109159946,8.575519562,,,7.149000168,7.147999763,8.046999931,8.144000053,9.897999763,,,
Liberia,,,,,,,,,,,,,,,,,,,,,,,,,,,,,,,,,,,,,,,,,,,,,,,,,6.454070091,,,,5.18434,5.652689934,6.760149956,11.02400017,11.02400017,7.769100189,7.964350224,13.71899986,13.7130003,7.36619997,11.72700024,12.43200016
Libya,,,,,,,,,,,,,,,,,,,,,,,,,,,,,,,,,,,,,,,,8.138730049,,,,,,,,,,,,,,,,,,,,,,,,
St. Lucia,,,,,,,,,,,,,,,,,,,,,,,,,,,23.2560997,,,,,,,,31.31318092,,,,29.43382072,26.03627014,,25.85462952,,15.42216015,15.04104042,16.3069706,19.01137924,,19.94337082,13.89531994,14.20207977,13.83675957,12.19244957,13.84786034,15.30152035,16.45298004,21.97570038,14.10000038,14.30671978,14.08432007,14.39326954,14.46800041,16.34354019,
Latin America & Caribbean,,,,,,,,,,,,,,,,,,,,,,,,,,,,,,,,,,,,,,,,,15.25037003,,15.68778992,14.77265501,,,,,,,15.92683029,14.96529484,15.51360559,15.74330473,15.69118261,16.23898506,15.55036449,15.46874046,15.18311977,14.33106995,15.60231972,16.03700018,,
Least developed countries: UN classification,,,,,,,,,,,,,,,,,,,,,,,,,,,,,,,,,,,,,,,,,14.9077301,15.31058025,,,14.41792488,15.51000023,16.88376999,,15.67825985,14.02987003,12.79999924,15.04564953,13.96276522,15.19999981,13.65699959,13.89392996,13.94294024,14.18147039,14.87012005,13.82600021,13.62899971,15.43808508,13.85400009,12.80700016
Low income,,,,,,,,,,,,,,,,,,,,,,,,,,,,,,,,,,,,,,,,,15.11576986,15.66205978,,,12.96076965,,,,15.59150982,16.30168915,16.17281914,15.08198977,14.53979969,15.83147955,15.36134005,16.2116394,13.90388012,14.18147039,16.33996964,14.21399975,14.70930481,15.62199974,14.48400021,
Liechtenstein,,,,,,,,,,,,,,,,,,,,,,,,,,,,,,,,,,,,,,,,,,,,,,,,,,,,,,,,,,,,,,,,
Sri Lanka,,,,,,,,,,,,,,,,,,,,,,,,,,,,,,,,10.87623024,,,12.70728016,11.56567001,12.69388962,,11.66882992,,,,,,,,,,,8.2707901,8.605660439,9.110159874,8.394029617,9.419949532,10.8239603,10.95026016,17.72875977,14.49975967,11.33090019,,5.468999863,5.039000034,5.346000195,8.67800045
Lower middle income,,,,,,,,,,,,,,,,,,,,,,,,,,,,,,,,,,,,,,,,,,,,,,,,,17.64341545,15.1279726,17.05666924,15.83087015,15.89128304,15.14117718,16.64050007,15.65399981,15.66362,15.47399998,16.47693539,14.51055002,14.47200012,14.73200035,13.15149975,
Low & middle income,,,,,,,,,,,,,,,,,,,,,,,,,,,,,,,,,,,,,,,,,,,,,,,,,14.80759382,15.31979513,15.82705927,14.97929955,15.49584484,15.22387981,15.76000023,15.98999977,15.34716034,15.11497593,15.49922609,14.31153488,14.59549999,15.35499954,14.33199978,
Lesotho,,,,,,,,,,,,,,,,,,,,,,,,29.41077042,20.82331085,22.92170906,,,15.21337032,15.35394001,,,,22.73880959,18.39184952,20.20000076,,26.05694962,,23.38068962,19.14159966,22.96562958,23.48707962,31.50684929,27.16360092,32.53905106,28.95932007,,24.21858025,,,21.23999977,17.43000031,19.30999947,18.10000038,15.98999977,15.94999981,15.11530972,14.08535004,13.82600021,14.77099991,14.38799953,12.39099979,11.26200008
Late-demographic dividend,,,,,,,,,,,,,,,,,,,,,,,,,,,,,,,,,,,,,,,,,,,,,,13.08706903,12.75604248,13.88512993,14.16747761,14.10376692,13.55206871,13.37290478,14.00662994,13.31540489,13.95601988,14.50851536,14.67222929,14.41339111,12.82620001,13.56886959,12.17559767,12.02367306,,
Lithuania,,,,,,,,,,,,,,,,,,,,,,,,,,,,,,,,,,,,,,,,,,,,,,18.2094574,15.68590641,14.13593292,15.0595808,14.98082829,13.969347,13.13148403,14.98808384,14.74607182,14.50097752,14.43061733,13.96282291,13.67827892,13.31840992,13.27595139,12.17055798,12.74449539,,
Luxembourg,,,,,,,,,,,,,,,,,,,,,,,,,,,,,,,,,,,,,,,,,,,,,,11.1862402,11.25576782,11.44878483,11.46240902,11.43537426,11.97875595,12.07392025,12.16429424,11.37988663,11.37362766,11.23104382,11.16849136,11.04328918,11.10425758,11.18255234,10.65698624,11.00318336,10.74243736,
Latvia,,,,,,,,,,,,,,,,,,,,,,,,,,,,,,,,,,,,,,,,,,,,,,15.23588562,15.36003494,15.93549919,16.40171814,14.69400215,13.419631,14.20993614,14.74312019,14.94031239,15.18531513,15.2136879,14.79797173,14.9332962,14.81062126,15.01828766,13.70331764,12.65317726,,
"Macao SAR, China",,,,,,,,,,,,,,,,,,,,,,,,,,,,,,,,,,,,,,,,,,,,,,14.11847019,14.93621635,16.22447395,14.00108814,12.99881268,14.92278099,17.74822617,22.02456284,17.28530884,14.93677711,14.74845409,14.89426231,13.93690109,14.45668697,15.55207253,12.29888248,12.8669157,,
St. Martin (French part),,,,,,,,,,,,,,,,,,,,,,,,,,,,,,,,,,,,,,,,,,,,,,,,,,,,,,,,,,,,,,,,
Morocco,,,,,,,,,,,,,,,,,,,,,,,,,,,,,,,,19.89277077,,20.46423912,,20.47270966,,,25.21153069,25.76847076,,,,,,,,,17.47064018,17.29528999,,,20.74600029,,22.06399918,22.23999977,22.25699997,21.64999962,22.44499969,21.46500015,24.15800095,23.75600052,23.86599922,
Monaco,,,,,,,,,,,,,,,,,,,,,,,,,,,,,5.134119987,5.484159946,,,5.163430214,,,5.767749786,5.842339993,6.401110172,6.489769936,5.071700096,6.327899933,,,,5.92595005,,,,,6.598810196,6.363220215,8.076169968,8.87594986,7.059219837,5.008860111,,6.596549988,6.980629921,,5.029270172,,5.873690128,4.79598999,
Moldova,,,,,,,,,,,,,,,,,,,,,,,,,,,,,,,,,,,,,,,,,,,,,,19.53495598,19.97119904,19.07383156,19.93271446,20.74979019,22.43516922,21.40068817,20.84347534,18.23982048,17.5889492,18.18216896,17.66042328,17.75655556,17.55123901,18.37224579,17.17365074,16.33657837,15.79878139,
Madagascar,,,,,,,,,,,,,,,,,,,,,,14.89931011,16.53528976,16.78964043,18.32389069,16.62018013,,,,,,,,12.31729984,,,,10.64441013,9.382769585,15.5387001,15.89050961,17.68247032,17.93675995,15.76313972,12.96076965,18.03303909,15.32419014,18.04454994,16.25814056,22.58583069,20.40200043,19.77969933,20.32579994,13.98937988,18.96677017,16.9629097,19.83818054,17.15099907,19.81801987,17.95299911,15.33699989,15.51599979,13.85400009,14.06799984
Maldives,,,,,,,,,,,,,,,,,,,,,,,,,,,,,,,,,,,,,,,,,,,21.20602989,20.18581009,19.37100029,12.93610001,13.25502014,12.6912899,12.56846046,13.73838997,10.94631004,9.854999542,14.63700008,13.0880003,12.31700039,12.93900013,11.22399998,11.35400009,11.39000034,12.05500031,10.50500011,10.03299999,10.18200016,10.85000038
Middle East & North Africa,,,,,,,,,,,,,,,,,,,,,,,,,,,,,,,,,,,,,,,,,,,,,,,14.9114542,,15.33633852,,,,,,,,,14.23095989,,13.3134346,,,,
Mexico,,,,,,,,,,,,,,,,,,,,,,,,,,,,,,,,12.15458965,15.09570026,,21.5629406,24.12129974,,,16.31761932,16.69396019,19.64612961,20.62428093,21.46491051,22.47187042,22.05382919,21.90378952,20.82431984,19.88907051,17.38015938,18.66511917,18.64258957,18.42102051,18.08719063,16.9059906,18.80594063,19.01874924,17.93932915,17.57729912,16.57785034,,16.19585991,,,
Marshall Islands,,,,,,,,,,,,,,,,,,,,,,,,,,,,,,,,,,,,,,,,28.54380989,,,14.8142004,22.50875092,,,,,,,,,,,,,24.65800095,22.38800049,21.69799995,15.04273987,19.36899948,22.87000084,11.3453598,
Middle income,,,,,,,,,,,,,,,,,,,,,,,,,,,,,,,,,,,,,,,,,,,,,,,,,14.4419899,15.1279726,15.72728825,14.77202988,15.89128304,15.14117718,16.01094532,15.65399981,15.71623993,15.19615507,14.94900036,14.33106995,14.59549999,14.73200035,,
North Macedonia,,,,,,,,,,,,,,,,,,,,,,,,,,,,,,,,,,,,,,,,,,,8.640879631,,,,,,,,,,,,,,,,,,,,,
Mali,,,,,,,,,,,,,,,,,,,,,,,,,,,,,,,,,,,,,,,,,15.32380962,14.49349976,14.52521038,18.28376007,17.73634911,16.28030014,,,18.0316906,16.95940971,16.50391006,18.25834084,22.40337944,16.62344933,18.22426033,18.15549088,13.90388012,16.53433037,17.52153015,15.35702991,15.1426096,16.21821022,18.19000053,19.12199974
Malta,,,,,,,,,,,,,,,,,,,,,,,,,,,,,,,,,,,,,,,,,,,,,,12.70633793,12.92037773,12.70667267,12.12988949,12.80687046,13.55376911,13.45122433,13.39120579,13.61623573,13.3270731,13.22962189,14.11111069,13.50239944,13.8488512,14.07578087,12.54180145,12.65894127,,
Myanmar,,,,,,,,,,,,,,,,,,,,,,,,,,,,,,,,,,,,,,,,,,,,,,,,,,,,,7.539664745,7.490616798,7.537509918,8.734157562,9.683895111,8.584400177,9.681242943,9.820048332,,,,
Middle East & North Africa (excluding high income),,,,,,,,,,,,,,,,,,,,,,,,,,,,,,,,,,,,,,,,,,,,,,,,,14.97993994,17.92895508,,,16.68989515,,,,,,,,,,,
Montenegro,,,,,,,,,,,,,,,,,,,,,,,,,,,,,,,,,,,,,,,,,,,,,,,,,,,,,,,,,,,,,,,,
Mongolia,,,,,,,,,,,,,,,,,,,,,,,,,,,,,,,,,,,,,,,,,,,,,,,,,,,16.81968307,13.89824867,15.89128304,,,,3.597220659,2.821897984,20.48334885,14.07755661,11.25677681,9.987043381,,
Northern Mariana Islands,,,,,,,,,,,,,,,,,,,,,,,,,,,,,,,,,,,,,,,,,,,,,,,,,,,,,,,,,,,,,,,,
Mozambique,,,,,,,,,,,,,,,,,,,,,,,,,,,,,,,,,,,,,,,12.05375004,16.92332077,,,,,18.00153923,22.7181797,18.55003929,,,,19.5739994,19.09900093,19.76724052,19.03288078,17.6079998,19.85199928,20.19511032,18.94169998,17.39340973,19.0340004,17.93499947,18.76000023,,
Mauritania,,,,,,,,,,,,,,,,,,,,,,,,,,,,,,,,,,,,,,,,,,,,,8.17580986,,10.31007957,,,,,13.68274975,10.01766014,11.40542984,11.90499973,12.84300041,9.330610275,,,10.22801971,9.727089882,9.104820251,10.43500042,
Mauritius,,,,,,,,,,,,,,,,,,,,,,,,,,,,,,,,,,,,,,,,,,,,,,16.34740639,15.46792316,15.08286476,14.68518829,16.332798,15.72728825,15.86886692,15.94156742,15.60850239,16.56972885,16.47094917,16.29546356,15.80997658,15.41555214,14.49410057,12.52796745,11.66645622,12.18731976,
Malawi,,,,,,,,,,,,,,,,,,,,,,,,,,,,,,,,,,,,,,,,,,,,16.49777031,,,,,,,12.45998001,15.04564953,13.64099979,20.49682999,16.59646988,21.79789925,17.19881058,14.34442043,15.82935047,,,,,
Malaysia,,,,,,,,,,,,,,,,,,,,,,,,,,,,,,,,,19.10503006,17.31287956,19.92374992,19.50259018,22.77094078,20.05298042,,21.18855095,21.39068031,24.34852028,25.90360069,24.54244041,21.01292038,,16.74556923,16.12466049,14.03864002,18.46463013,18.40623093,20.97702026,19.85116005,19.45430946,21.3920002,21.30400085,21.34799957,21.64800072,20.70100021,19.13800049,15.61563969,20.46299934,20.14999962,
North America,,,,,,,,,,,,,,,,,,,,,,,,,,,,,,,,,,,,,,,,,,,,,,16.69881058,16.80922508,16.70581245,14.35929966,14.08679676,14.09129286,14.11031485,14.2285676,14.51346064,14.49681091,14.39853096,14.3183794,14.42064428,14.35745811,14.08480692,11.26587915,11.05468845,11.05468845,
Namibia,,,,,,,,,,,,,,,,,,,,,,,,,,,,,,,,,,,,,,,,23.04277039,21.92506027,22.77570915,21.83686066,20.32821083,,,21.6029892,,24.86161041,,26.12351036,22.32600021,22.99699974,23.60400009,23.95800018,22.57099915,23.93899918,24.67399979,24.78300095,25.2689991,24.94099998,25.13500023,25.3220005,24.96999931
New Caledonia,,,,,,,,,,,,,,,,,,,,,,,,,,,,,,,,,,,,,,,,,,,,,,,,,,,,,,,,,,,,,,,,
Niger,,,,,,,,,,,,,,,,,,,,,,,,,,,,,,,,,,,,,18.44432068,,,17.22141075,19.05752945,16.65031052,16.66684914,13.84549999,,,16.88376999,17.37597084,16.17733002,18.91250992,19.0896492,20.11651993,19.19202042,18.07670021,21.66150093,18.51218987,15.34716034,13.21516037,16.33996964,13.01299953,13.33300018,11.95300007,12.37100029,12.80700016
Nigeria,,,,,,,,,,,,,,,,,,,,,,,,,,,,,,,,,,,,,,,,,,,,,,,,,,,,,,,,,,,,,,,,
Nicaragua,,,,,,,,,,,,,,,,,,,,,,,0,,0,,,0,,,,,11.93350029,,,,,,13.38181973,14.71679974,14.57369995,,15.68778992,14.88700008,,,,,,,26.40800095,,,,23.04759979,22.28290939,21.32547951,22.43330002,22.76099968,23.94099998,22.68799973,,,
Netherlands,,,,,,,,,,,,,,,,,,,,,,,,,,,,,,,,,,,,,,,,,,,,,,12.14074039,11.98544979,12.04756832,12.05630875,11.77988052,11.70473385,11.68305874,11.73690891,11.56219578,11.7969799,11.81862545,12.08791256,12.07397652,11.95948124,11.83492565,10.94425392,11.01996231,,
Norway,,,,,,,,,,,,,,,,,,,,,,,,,,,,,,,,,,,,,,,,,,,,,,12.26065731,11.93960381,11.63830471,11.520504,11.64663124,11.58888817,11.35631466,11.28047466,11.05029488,11.07841969,11.09468174,10.96765995,11.05323887,11.0503912,10.87436867,10.1225462,10.26693344,10.12211418,
Nepal,,,,,,,,,,,,,,,,,,,,,,,,,,,,,,,,,,,,,,,,,,,,,,,,,,,,,,,,,,,,,11.46237183,12.82202911,,
Nauru,,,,,,,,,,,,,,,,,,,,,,,,,,,,,,,,,,,,,,,,,,,,,,,,,,,,,,,11.87627602,10.22716904,8.883714676,12.74796581,9.609688759,,,,,
New Zealand,,,,,,,,,,,,,,,,,,,,,,,,,,,,,,,,,,,,,,,,,,,,,,,,,,16.5344696,16.76386833,14.69141102,16.63424301,16.32112694,16.40551376,16.62387657,16.47455215,16.24468994,15.80440044,15.86584187,14.43650246,14.28818035,13.1385479,
OECD members,,,,,,,,,,,,,,,,,,,,,,,,,,,,,,,,,,,,,,,,,,,,,,12.46187019,12.44333553,12.55422878,12.34461212,12.26772594,12.58372211,12.24807644,12.08302641,11.88006592,12.11979389,11.91810322,12.08791256,12.28136539,12.11161995,12.00314236,10.94425392,11.16927338,,
Oman,,,,,,,,,,,,,,,,,,,,,,,,,,,,,,,,6.93073988,7.986430168,7.649610043,7.756030083,8.004639626,8.039019585,9.125559807,9.991800308,10.32785988,8.983440399,10.5839901,11.06247997,10.03896046,10.31647015,10.05364037,11.22463036,,,10.94917965,,,,11.08018017,,,,15.20722008,11.96630955,13.05799961,15.44277,,14.14004993,
Other small states,,,,,,,,,,,,,,,,,,,,,,,,,,,,,,,,,,,,,,,,20.43320084,18.74508095,,,,,17.51799965,17.53685188,,16.00991297,15.18760014,15.72728825,15.49359846,14.53979969,15.38186264,13.67990971,14.4210453,14.49953747,14.49369907,14.3501749,14.08550024,14.28021955,14.31998682,,
Pakistan,,,,,,,,,,,,,,,,,,,,,,,,,,,,,,,,,,7.80284977,9.376429558,10.31326962,10.06898975,11.75339985,,11.30733013,8.489879608,,,,11.22935009,13.77750969,15.28909969,15.4455204,14.09696007,12.08263016,11.86466026,10.92461014,11.04063034,11.51397991,11.30066013,13.1872797,11.44400024,12.06299973,12.19200039,11.59200001,10.79599953,7.816999912,,
Panama,,,,,,,,,,,,,,,,,,,,,,,,,,,,,,,,,,,,18.19721031,18.15498924,17.35391045,,18.97315025,19.8319397,16.63912964,16.95750046,16.34300995,14.56826973,,,,14.88982964,,,13.01972008,,,7.867000103,7.863999844,8.187999725,8.68200016,8.680999756,9.112000465,10.1239996,9.340000153,11.76000023,11.92399979
Peru,,,,,,,,,,,,,,,,,,,,,,,,,,,,,,,,,,,,,,,,,15.25037003,14.79623032,14.57806015,14.65830994,15.27385044,14.27851963,14.03530025,14.14177036,14.38191032,14.59630966,13.55558014,13.55255032,14.36907005,15.22387981,16.21989059,17.57485962,17.87010002,18.23591995,17.1314106,17.76287079,15.51387978,16.70947075,16.47224998,17.90999985
Philippines,,,,,,,,,,,,,,,,,,,,,,,,,,,,,,,,,,,,15.24298,17.56657028,15.17012978,18.18099022,,15.20676041,13.91590977,14.06892967,14.38022041,12.75084972,12.42236042,13.26852989,13.66701984,14.4419899,13.21115971,,,,,17.08300018,18.82699966,15.29599953,19.62700081,18.73600006,17.88800049,16.97400093,16.71899986,15.6960001,
Palau,,,,,,,,,,,,,,,,,,,,,,,,,,,,,,,,,,,,,,,,,13.80012035,15.30784988,15.53765965,,,,,,,,,,,,,,,,,,,,,
Papua New Guinea,,,,,,,,,,,,,,,,,,,,,,,,,,,,,,,,,,,,,,,,,,,,,,,,,,,,,,,,,,10.69820023,9.227100372,,,,,
Poland,,,,,,,,,,,,,,,,,,,,,,,,,,,,,,,,,,,,,,,,,,,,,,13.7390213,13.36202621,13.27208996,12.76069355,12.0212307,12.08153534,12.31050396,12.48447418,12.33808899,12.39022732,12.65546703,12.07192135,11.86874104,12.02741909,11.98780537,10.60445213,11.16927338,,
Pre-demographic dividend,,,,,,,,,,,,,,,,,,,,,,,,,,,,,,,,,,,,,,,,,13.17884493,,,,12.96076965,15.89515018,15.32419014,,15.70061016,16.30168915,16.3383646,14.97929955,14.3348999,15.19999981,13.98487997,14.72781467,14.26964998,15.31005478,16.88315964,14.25299978,14.29006004,15.51599979,14.48000002,13.78150034
Puerto Rico,,,,,,,,,,,,,,,,,,,,,,,,,,,,,,,,,,,,,,,,,,,,,,,,,,,,,,,,,,,,,,,,
"Korea, Dem. People's Rep.",,,,,,,,,,,,,,,,,,,,,,,,,,,,,,,,,,,,,,,,,,,,,,,,,,,,,,,,,,,,,,,,
Portugal,,,,,,,,,,,,,,,,,,,,,,,,,,,,,,,,,,,,,,,,,,,,,,14.29343987,14.15326118,13.30881977,13.27291012,13.020257,12.97275257,12.24807644,11.01577759,10.97400284,10.27315998,10.54351521,10.64693069,10.10693264,10.26432323,10.52925491,9.607213974,9.709188461,,
Paraguay,,,,,,,,,,,,,,,,,,,,,,,,,,8.363329887,,,,,7.858059883,,,,,,,,17.08778954,21.87684059,21.55938911,19.87921906,18.81539917,32.23929977,29.31039047,,,28.67876053,,,28.1095295,33.79315948,27.60157967,,,,26.88433075,,,,24.52182007,23.63689995,24.06851006,
West Bank and Gaza,,,,,,,,,,,,,,,,,,,,,,,,,,,,,,,,,,,,,,,,,,,,,,,,,,,,,,,,,,,,,,,,
Pacific island small states,,,,,,,,,,,,,,,,,,,,,,,,,,,,,,,,,,,,,,,,,,,,,,,,,,,,,,,,,,,,,,,,
Post-demographic dividend,,,,,,,,,,,,,,,,,,,,,,,,,,,,,,,,,,,,,,,,,,,,,,12.35213518,12.20519209,12.04756832,12.11822891,12.1798172,12.58372211,12.08395576,11.88354015,11.45695829,11.76775837,11.77738667,12.04341888,12.17767096,12.03555059,11.93059158,10.84365177,11.05468845,,
French Polynesia,,,,,,,,,,,,,,,,,,,,,,,,,,,,,,,,,,,,,,,,,,,,,,,,,,,,,,,,,,,,,,,,
Qatar,,,,,,,,,,,,,,,,,,,,,,,,,,,,,,,,,,,,,,,7.843699932,9.526630402,9.676050186,10.55130959,12.00745964,10.70005989,12.05313015,13.74475956,,,15.05552006,14.83565044,13.81727028,13.10684967,12.30793953,13.14834023,12.74283981,,,8.560850143,,8.636489868,9.319109917,,,
Romania,,,,,,,,,,,,,,,,,,,,,,,,,,,,,,,,,,,,,,,,,,,,,,10.89338779,11.61648273,10.27267647,11.33913136,9.569327354,8.235834122,10.30937481,7.887511253,7.843441963,8.429804802,8.501272202,9.59609127,8.506187439,9.098635674,10.08806038,8.800739288,8.14435482,,
Russian Federation,,,,,,,,,,,,,,,,,,,,,,,,,,,,,,,,,,,,,,,,,,,,,,11.22151566,12.15005875,,9.31381321,10.02642918,9.771665573,9.631156921,9.504323006,10.00205421,9.165413857,2.195997238,9.594144821,9.50124836,10.0498724,9.285696983,8.93504715,,,
Rwanda,,,,,,,,,,,,,,,,,,,,,,,,,,,,,,,,,,,,,,,,17.25066948,18.83532906,25.31314087,,,,,,17.78655052,15.59150982,,17.54805946,15.34337997,15.81546974,16.85963058,13.73431969,12.5390501,12.27838993,11.07960987,10.80461025,10.99800014,10.7840004,15.53223991,12.75790024,12.20400047
South Asia,,,,,,,,,,,,,,,,,,,,,,,,,,,,,,,,,,,,,,13.32223034,,16.95982933,16.73051071,,,,11.22935009,,14.92415571,15.4455204,14.09696007,11.19120026,10.2196703,10.92461014,11.04063034,11.51397991,11.30066013,12.04399967,13.98200035,13.54899979,12.07500029,11.59200001,10.79599953,10.22099972,,
Saudi Arabia,,,,,,,,,,,,,,,,,,,,,,,,,,,,,,,,14.71302032,14.72169018,14.57367039,16.81303024,16.84456062,15.25230026,12.29582024,23.9824295,23.32939911,17.83658981,20.89613914,21.29412079,21.45521927,20.18865967,19.29228973,21.60387039,,19.25741959,,,,,,,,,,,,,,,
Sudan,,,,,,,,,,,,,,,,,,,,,,,,,,,,,,,,,,,,,,,,,9.116889954,,11.0448904,,7.949240208,5.966800213,8.253160477,,9.392780304,10.7818203,,,,,,,,,,,,,,
Senegal,,,,,,,,,,,,,,,,,,,,,,,,,,,,,,,,,,,,,,,18.73254013,16.82036018,17.61849022,15.72974014,16.72192001,16.11750984,16.96224976,21.77096939,17.95463943,,19.22613907,23.30044937,24.04635048,21.08696938,20.79524994,25.74234962,24.76296043,23.77827072,21.33736992,20.5892601,21.54198074,18.73500061,22.47900009,21.52499962,22.16600037,22.54700089
Singapore,,,,,,,,,,,,,,,,,,,,,,,,,,,,,,,,,,,,,,,,,,,,,,21.61222076,19.93605995,20.81651497,18.64857674,18.33227158,21.02063179,20.83732986,21.33481598,21.95876312,19.96177673,16.38944435,17.65014648,17.26396179,16.08641052,16.47985268,11.21518135,13.06482029,,
Solomon Islands,,,,,,,,,,,,,,,,,,,,,,,,,,,,,,,,11.68292999,,,,,,,13.35684013,,,,,,,,,21.57959938,22.01398087,18.15389061,19.0389595,,,,,,,,,,,,,
Sierra Leone,,,,,,,,,,,,,,,,,,,,,,,,,,,,,,,,,,,,,,,,,20.72999954,17.96999931,17.69999886,17.31999969,17.14999962,15.51000023,,19.75,14.92999935,15.90000057,12.79999924,12.40999985,14.13000011,15.19999981,15.09000015,,12.47000027,19.88999939,32.72999954,35.00999832,34.24000168,33.42000198,29.37000084,
El Salvador,,,,,,,,,,,,,,,,,,,,,,,,,,,,,,,,,,,,,,,,,,,,,,14.08380985,,13.75427341,13.09002113,16.90505791,15.47114754,12.53421021,16.00487137,14.03022003,15.58036518,17.21397018,16.16272926,8.597620964,14.78466511,14.33106995,11.86849117,11.96135902,,
San Marino,,,,,,,,,,,,,,,,,,,,,,,,,,,,,,,,,,,,,,,,,,,,,,,,,,,,,,,,,,,,8.907902718,6.564468861,7.897803307,,
Somalia,,,,,,,,,,,,,,,,,,,,,,,,,,,,,,,,,,,,,,,,,,,,,,,,,,,,,,,,,,1.704693675,3.002483845,4.189874649,,,,
Serbia,,,,,,,,,,,,,,,,,,,,,,,,,,,,,,,,,,,,,,,,,,,,,,,,9.976639748,,10.48217964,,10.1795702,,,,,8.692990303,9.25646019,8.804280281,8.604599953,,7.086689949,,
Sub-Saharan Africa (excluding high income),,,,,,,,,,,,,,,,,,,,,,,,,,,,,,,,,,,,,,,,,15.2598896,,,,17.05612469,17.85555935,17.95463943,,18.0316906,17.68234062,17.3915081,17.26089478,16.42831993,16.40741444,16.59646988,16.59852982,15.94999981,16.3627491,17.22100067,14.49410057,15.1426096,15.51599979,14.40399981,13.56599998
South Sudan,,,,,,,,,,,,,,,,,,,,,,,,,,,,,,,,,,,,,,,,,,,,,,,,,,,6.25,3.950700045,6.921999931,3.228019953,4.131360054,3.32220006,6.361000061,3.691999912,4.024000168,9.409000397,5.547999859,11.20800018,,8.118000031
Sub-Saharan Africa,,,,,,,,,,,,,,,,,,,,,,,,,,,,,,,,,,,,,,,,,15.2598896,,,,17.05612469,17.85555935,17.95463943,,18.0316906,17.68234062,17.3915081,17.26089478,16.42831993,16.40741444,16.59646988,16.59852982,15.94999981,16.3627491,17.22100067,14.49410057,15.1426096,15.51599979,14.40399981,13.56599998
Small states,,,,,,,,,,,,,,,,,,,,,,,,,,,,,,,,,,,,,,,,18.58815002,17.70648956,19.82366467,17.82884979,17.11914063,,16.93270302,17.53685188,,16.42277908,15.28184414,15.72728825,15.49359846,14.53979969,15.38186264,13.67990971,14.4210453,14.49953747,14.49369907,14.3501749,14.08550024,14.27600002,14.31998682,13.80300045,
Sao Tome and Principe,,,,,,,,,,,,,,,,,,,,,,,,,,,,,,,,,,,,,,,,,,,6.560440063,6.692009926,5.853590012,12.1254797,14.08423042,16.65735054,18.24863052,20.56077957,19.32740974,11.38000011,13.72161961,18.82966995,12.32466984,11.29734039,15.96667957,18.39999962,20.11654091,17.59199905,16.12599945,16.58399963,17.08600044,18.34499931
Suriname,,,,,,,,,,,,,,,,,,,,,,,,,,,,,,,,,,,,,,,,,,,,,,,,,,,,,,,,11.37699986,16.07500076,15.96100044,14.72399998,14.08399963,13.94200039,,,
Slovak Republic,,,,,,,,,,,,,,,,,,,,,,,,,,,,,,,,,,,,,,,,,,,,,,9.778827667,10.04110432,10.03374958,9.9616642,10.0805254,10.73632717,10.32200146,9.770545959,9.713875771,9.331773758,9.12630558,9.054621696,9.820783615,9.883327484,10.47099113,9.939613342,9.352379799,,
Slovenia,,,,,,,,,,,,,,,,,,,,,,,,,,,,,,,,,,,,,,,,,,,,,,14.03157997,13.94054127,13.52918053,13.40433311,13.42466736,12.88875008,12.56480694,12.93512249,10.66393566,11.73853683,11.45901203,11.99892521,12.33415031,12.37124443,12.5714798,11.12562847,11.50174236,,
Sweden,,,,,,,,,,,,,,,,,,,,,,,,,,,,,,,,,,,,,,,,,,,,,,12.69491386,12.76595974,12.69374371,12.79371929,12.80220127,12.72410774,12.72320843,12.63094711,12.54209614,12.83456993,13.01320267,13.33304501,13.60951805,13.82106209,14.07531929,13.43839073,13.53193951,,
Eswatini,,,,,,,,,,,,,,,,,,,,,,23.75299072,20.3789196,,,,,20.46323013,21.77708054,25.08986092,23.47705078,,,,20.03243065,20.65967941,21.84551048,,,20.43320084,18.74508095,19.65617943,17.29376984,22.06381989,21.10407066,20.89185905,22.70756912,,21.81324005,19.38637924,18.28302956,22.33392906,17.58300018,17.23399925,24.79544067,16.41500092,16.55500031,18.66600037,17.22100067,18.50699997,15.89099979,15.3409996,16.62100029,
Sint Maarten (Dutch part),,,,,,,,,,,,,,,,,,,,,,,,,,,,,,,,,,,,,,,,,,,,,,,,,,,,,,,,,,,,,,,,
Seychelles,,,,,,,,,,,,,,,,,,,,,,,,,,,,,,,,,,,,,,,,,,,,,,,9.058914185,11.15025711,8.331588745,,10.86438465,12.58140182,13.03441429,14.00267601,12.84955215,12.58698082,12.00679779,,11.82717609,6.105577469,6.68331337,,,
Syrian Arab Republic,,,,,,,,,,,,,,,,,,,,,,,,,,,,,,,,,,,,,15.04076004,,,,,15.66205978,16.82607079,19.85540009,17.14539909,,20.04847908,18.92593002,20.04079056,19.18404961,,,,,,,,,,,,,,
Turks and Caicos Islands,,,,,,,,,,,,,,,,,,,,,,,,,,,,,,,,,,,,,,,,,,,,,,,,,,,,11.70400047,11.62100029,11.82699966,11.80900002,14.19169998,12.89099979,12.56799984,11.94102001,9.615440369,12.51099968,12.56857014,12.99528027,14.26299953
Chad,,,,,,,,,,,,,,,,,,,,,,,,,,,,,,,,,,,,,,12.89865971,11.07153034,17.05998039,12.84449005,13.78684998,,,11.03190041,14.67282009,,,,9.541589737,8.119279861,10.08325958,9.212409973,12.46146011,,,,16.3627491,,14.21399975,11.67199993,15.36017036,16.72299957,16.48399925
East Asia & Pacific (IDA & IBRD countries),,,,,,,,,,,,,,,,,,,,,,,,,,,,,,,,,,,,,,,,,,,,,,,,,14.03864002,13.3623457,15.18587589,13.48817205,14.40716839,14.00500011,15.05827332,15.16750002,15.11499977,13.81464767,15.30996513,14.49908352,13.37804127,13.3466239,14.69080734,
Europe & Central Asia (IDA & IBRD countries),,,,,,,,,,,,,,,,,,,,,,,,,,,,,,,,,,,,,,,,,,,,,,,,,10.72166777,10.42298985,10.83368874,11.10684299,12.13588142,11.58003235,12.39022732,12.65546703,11.73967409,10.80920601,10.97069645,11.69399261,10.60445213,11.76585865,,
Togo,,,,,,,,,,,,,,,,,,,,,,,,,,,,,,,,,22.54920959,,,,23.29256058,,20.98232079,23.4187603,24.42370987,25.73135948,30.70002937,27.75642967,21.83069038,17.67807961,17.2866497,18.15452003,19.24566078,19.37198067,19.6157608,16.90378952,17.68042946,15.49767971,15.63267994,16.2116394,15.99131012,23.14003944,21.76909065,19.23500061,18.14299965,17.45299911,14.47599983,14.82400036
Thailand,,,,,,,,,,,,,,,,,,,,,,,,,,,,,,,,,,,,,,,,,,,,,,,,,,,,,,17.07395935,16.89937592,17.05779266,17.31389999,15.85933113,14.52906036,14.49908352,12.28408241,11.87624741,,
Tajikistan,,,,,,,,,,,,,,,,,,,,,,,,,,,,,,,,,,,,,,,,,,,,,,,,,,,,,,,,,,,,,,20.40312958,,
Turkmenistan,,,,,,,,,,,,,,,,,,,,,,,,,,,,,,,,,,,,,,,,,,,,,,,,,,,,,20.79550934,,,,,,,23.01025009,27.99839973,29.08345032,28.59746933,
Latin America & the Caribbean (IDA & IBRD countries),,,,,,,,,,,,,,,,,,,,,,,,,,,,,,,,,,,,,,,,,15.25037003,14.79623032,15.68778992,14.77265501,,,,15.10157013,,,15.92683029,14.96529484,15.02233982,15.22387981,15.58036518,17.21397018,16.16272926,16.0453701,15.88048506,14.7598052,15.51387978,16.10700035,,
Timor-Leste,,,,,,,,,,,,,,,,,,,,,,,,,,,,,,,,,,,,,,,,,,,,,,,,,7.090539932,10.58611965,9.154210091,7.650899887,6.943999767,7.340000153,8.277999878,7.489999771,6.096000195,7.021999836,6.592000008,6.869999886,6.956999779,7.471000195,,
Middle East & North Africa (IDA & IBRD countries),,,,,,,,,,,,,,,,,,,,,,,,,,,,,,,,,,,,,,,,,,,,,,,,,14.97993994,17.92895508,,,16.68989515,,,16.88587523,14.13057995,15.40534973,14.47026539,,,,,
Tonga,,,,,,,,,,,,,,,,,,,,,,,,,,,,,,,,,,,,,,,,26.05698967,22.95586014,22.10918045,15.82658005,18.61911964,19.09716988,,,,,,,,,,,,,11.07800007,11.27799988,12.99600029,10.73200035,10.11699963,9.765000343,
South Asia (IDA & IBRD),,,,,,,,,,,,,,,,,,,,,,,,,,,,,,,,,,,,,,13.32223034,,16.95982933,16.73051071,,,,11.22935009,,14.92415571,15.4455204,14.09696007,11.19120026,10.2196703,10.92461014,11.04063034,11.51397991,11.30066013,12.04399967,13.98200035,13.54899979,12.07500029,11.59200001,10.79599953,10.22099972,,
Sub-Saharan Africa (IDA & IBRD countries),,,,,,,,,,,,,,,,,,,,,,,,,,,,,,,,,,,,,,,,,15.2598896,,,,17.05612469,17.85555935,17.95463943,,18.0316906,17.68234062,17.3915081,17.26089478,16.42831993,16.40741444,16.59646988,16.59852982,15.94999981,16.3627491,17.22100067,14.49410057,15.1426096,15.51599979,14.40399981,13.56599998
Trinidad and Tobago,,,,,,,,,,,,,,,,,,,,,,,,,,,,,,12.90589046,13.85188007,,,,15.01152992,14.89840031,13.28493023,12.03244019,8.926670074,11.2300396,11.73112011,12.16543007,14.28520966,13.91007042,,,,,,,12.90299988,12.12100029,11.67399979,11.72999954,10.50899982,12.30700016,11.73200035,10.24300003,10.65200043,10.34200001,11.71627045,10.02651978,9.201000214,7.921999931
Tunisia,,,,,,,,,,,,,,,,,,,,,,,,,,,,,,,,,20.72396088,21.67490005,21.81670952,23.35724068,23.13492966,25.95521927,,24.90078926,24.59177971,24.64776039,22.88013077,27.68428993,27.83381081,26.69569016,26.86130905,26.42863083,25.25867081,25.26201057,24.84683037,,20.99101067,,,22.66534042,,,,,,,,
Turkiye,,,,,,,,,,,,,,,,,,,,,,,,,,,,,,,,,,,,,,,,,,,,,,,,,9.736834526,9.728276253,10.5881834,11.37252045,12.13588142,10.92226315,11.8140831,11.84854317,11.40742683,10.80920601,10.7427702,11.1729641,9.311233521,8.809844971,8.778811455,
Tuvalu,,,,,,,,,,,,,,,,,,,,,,,,,,,,,,,,,,,,,,,,,,,,,,,,,,,,,,,,,,,,,,,,
Tanzania,,,,,,,,,,,,,,,,,,,,,,,,,,,,,,,,,,,,,12.50030994,12.62788963,11.79397011,,,,,,19.49263954,18.14314079,15.01506996,19.44923019,18.94046974,17.68234062,19.80201912,17.61800003,16.87899971,19.11499977,17.29710007,17.63500023,17.20400047,24.39653969,20.50494003,14.29199982,13.62899971,13.5369997,14.33199978,13.70400047
Uganda,,,,,,,,,,,,,,,,,,,,,,,,,,,,,,,,,,,,,,,,,10.35486984,,,,20.30834007,,,,,,10.10488987,13.61137009,11.45189953,11.74312019,11.70491028,13.22008038,12.46916962,12.19733047,11.2536602,8.897000313,8.529000282,8.215000153,8.482000351,8.626000404
Ukraine,,,,,,,,,,,,,,,,,,,,,,,,,,,,,,,,,,,,,,,,,,,,,,13.72832489,13.68719482,14.01394081,14.13898563,15.1279726,15.23395824,14.6379528,14.92900562,15.14117718,14.08827209,13.48008823,13.43158436,14.39614487,14.22960758,14.55809975,13.27300739,14.25187588,8.48585701,
Upper middle income,,,,,,,,,,,,,,,,,,,,,,,,,,,,,,,,,,,,,,,,,,,,,,,,,13.8549099,15.02359486,15.25955868,14.53167248,15.48195362,14.84090471,15.69118261,15.86747456,16.12016106,15.11464214,14.54599953,14.22599983,15.51387978,13.91200495,,
Uruguay,,,,,,,,,,,,,,,,,,,,,,,,,,,,,,,,,,,,,,,,,8.35916996,9.22963047,7.712659836,6.836269855,8.609239578,9.470970154,9.841210365,,,,,15.16254997,,14.37047005,14.44427013,14.72430038,14.71014023,14.86126041,15.18311977,15.18854046,13.88136959,14.77762032,16.82099915,15.43400002
United States,,,,,,,,,,,,,,,,,,,,,,,,,,,,,,,,,,,,,,,,,,,,,,16.69881058,16.80922508,16.70581245,16.22013283,15.60106182,15.56168556,15.50748062,15.59922123,16.02462769,16.00461388,16.05246353,15.97381687,15.9008255,15.7807312,15.51713371,12.65421581,,,
Uzbekistan,,,,,,,,,,,,,,,,,,,,,,,,,,,,,,,,,,,,,,,,,,,,,,,,,,,,25.57513046,25.83145905,25.10162926,25.3249588,24.52449989,24.87334442,23.40437126,21.81692123,25.59158516,21.8166008,21.43250847,,
St. Vincent and the Grenadines,,,,,,,,,,,,,,,,,,,,,,,,,,,22.89880943,,,18.24648094,,20.69968987,,,,,,,14.84941959,21.14543915,30.78919983,,28.7013092,31.47550964,,22.59198952,,20.03841019,,17.33849907,15.48563004,,,,,17.20000076,20.1484108,18.97827911,19.42724991,,13,,15.22700024,12.85499954
"Venezuela, RB",,,,,,,,,,,,,,,,,,,,,,,,,,,,,,,,,,,,,,,,,,,,,,,,,,,,,,,,,9.048999786,16.62199974,,,,,,
British Virgin Islands,,,,,,,,,,,,,,,,,,,,,,,,,,,,,,,,,,,,,,,,,,,,,,,,,,,,,12.05900002,15.73400021,14.70899963,13.26399994,12.86499977,12.64099979,10.21800041,,11.86400032,10.84599972,12.19999981,11.08500004
Virgin Islands (U.S.),,,,,,,,,,,,,,,,,,,,,,,,,,,,,,,,,,,,,,,,,,,,,,,,,,,,,,,,,,,,,,,,
Viet Nam,,,,,,,,,,,,,,,,,,,,,,,,,,,,,,,,,,,,,,,,,,,,,,,,,18.00123978,15.18871021,17.05666924,17.81126976,18.78499031,18.51551056,16.81200027,15.0170002,15.60490036,15.47399998,16.0908699,15.57199955,14.47200012,14.81700039,15.44900036,
Vanuatu,,,,,,,,,,,,,,,,,,,,,,,,,,,,,,,,,,,17.5349102,,,,27.40110016,25.82177925,27.5241909,40.07754898,36.40961838,44.80179977,,,,,21.40563011,18.72315025,,,,,22.19061089,12.70886993,,12.20798016,,4.455299854,5.011050224,,,
World,,,,,,,,,,,,,,,,,,,,,,,,,,,,,,,,,,,,,,,,,,,,,,14.03157997,14.03530025,14.01394081,14.11797285,13.51353168,13.43798161,13.66085482,14.00662994,14.03022003,13.69565964,14.0366025,13.96282291,14.15848541,14.25080729,13.82841015,12.82670593,12.74449539,,
Samoa,,,,,,,,,,,,,,,,,,,,,,,,,,,,,,,,,,,,,,,,13.41716957,10.4612999,12.77033043,12.79380035,,,,,,16.06422997,,,,,14.65299988,14.53899956,14,14.40600014,13.21199989,14.84700012,15.59599972,16.21500015,,,
Kosovo,,,,,,,,,,,,,,,,,,,,,,,,,,,,,,,,,,,,,,,,,,,,,,,,,,,,,,,,,,,,,,,,
"Yemen, Rep.",,,,,,,,,,,,,,,,,,,,,,,,,,,,,,,,,,,,,,,,,30.4892807,30.32127953,,,,,,,12.48923969,,,,,,,,,,,,,,,
South Africa,,,,,,,,,,,,,,,,,,,,,,,,,,,,,,,,,,,,,,,,,,,,,,18.08443832,19.01977921,,18.54537582,17.2351799,17.23495674,18.45666122,19.20282745,16.7507,16.35124969,18.88514328,16.12016106,18.88005066,20.29368973,18.69450378,18.48413086,18.48597908,,
Zambia,,,,,,,,,,,,,,,,,,,,,,,,,,,,,,,,,,,,,,,,,8.352620125,,,,10.58498955,7.729730129,,6.227910042,5.651800156,,,,17.51199913,17.46800041,,16.72611046,15.66362,14.93433952,17.09090042,15.29199982,12.37800026,,,13.85900021
Zimbabwe,,,,,,,,,,,,,,,,,,,,,,,,,,,,,,,,,,,,,,,,,,,,,,,,,,,8.536720276,24.09799957,29.7510891,28.66033936,30.01515007,,23.52700043,20.87420082,19.0398407,,15.66699982,,,
